patient_id,ho_ten,cccd,ngay_sinh,so_dien_thoai,email,dia_chi,benh,ket_qua_xet_nghiem,bac_si_phu_trach,ngay_kham
bdd640fb-0667-4ad1-9c80-317fa3b1799d,Quang Đặng,931259204321,1945,0564732467,janemai@example.org,"775 Jane Hẻm, Thành phố JaneXã, 743638",Tiểu đường,4.96,Tú Vũ,21/01/2026
1a2a73ed-562b-4f79-8374-59eef50bea63,Trọng Trần,062646851492,1961,0986991230,janehoang@example.org,"10 John Làng, Thành phố JohnThành phố, 322306",Tiểu đường,8.81,Kim Hữu Hoàng,01/03/2026
5ec42e08-29a3-42e9-9d65-a441d58842de,Phúc Thị Vũ,010345277744,1979,0700158001,johndang@example.com,"6 Dương Ngõ, JanePhường, 155958",Tiểu đường,11.56,Lan Mai,21/02/2026
24933b83-7577-40a9-a491-f0b2ea1fca65,Trọng Tấn Dương,152949613100,1989,0976064631,tbui@example.org,"304 Mai Số, Quận JaneXã, 984439",Huyết áp cao,6.57,Chị Hải Hoàng,02/02/2026
02f06b90-f143-462f-9c5c-0eed8da0365b,Hà Phạm,373759790860,1990,0325736754,vujohn@example.net,"75 John Ngõ, JaneThị xã, 536325",Huyết áp cao,3.72,Hải Vũ,06/03/2026
e0f3eab0-5cec-4eb5-add9-68311ca35cfb,Bác Trọng Mai,666463928500,1952,0929059907,janeduong@example.net,"7 John Tổ, JaneHuyện, 905239",Tiểu đường,8.85,Khoa Hoàng,27/02/2026
3f76be1d-1efa-4197-b394-988f847fd9b4,Bác Khoa Phạm,523830439344,1978,0543275476,johnduong@example.org,"87 Nguyễn Khu, Huyện JohnPhường, 491125",Tim mạch,8.87,Bà Yến Dương,25/01/2026
5ab33edf-6e59-4ed3-a8b3-17fa18d0752b,Hải Lê,559370222585,1984,0315533001,john83@example.net,"045 Jane Dãy, Thành phố JohnThị xã, 645951",Tiểu đường,3.6,Ông Nam Nguyễn,20/04/2026
c0e9ab30-ed26-42e9-97e0-11b7f8102383,Phương Bảo Lê,953447496212,1970,0381367668,jane99@example.net,"772 Bùi Khu, Thành phố JaneQuận, 875398",Tiểu đường,3.57,An Văn Vũ,08/01/2026
eb5cf467-80ba-4d64-ba0e-cfea958ca9ba,Hồng Mai,098354020397,1997,0781532818,tranjohn@example.net,"935 Lê Tổ, Thành phố JaneThành phố, 313183",Tiểu đường,6.31,Quý cô Khoa Lê,18/01/2026
50f0fd0a-750c-4b75-8ccc-9bc2a53f8a28,Chị Lâm Phạm,566974919057,1980,0994882622,vujane@example.net,"136 John Đường, Thành phố JaneThị xã, 318462",Huyết áp cao,5.81,Quý ông Phúc Dương,21/01/2026
b7b56ea7-35eb-432d-9ad6-20ab48212ddb,Bà Vân Phạm,588519232445,1971,0515136368,jane14@example.net,"98 Phạm Làng, JaneHuyện, 906482",Tim mạch,9.11,Bà Kim Phạm,17/01/2026
eededb07-e623-4689-9d59-cd2a4eea04e7,Bà Thảo Trần,427694267565,1950,0340529497,john13@example.net,"35 Jane Hẻm, Huyện JohnPhường, 221938",Tiểu đường,7.16,Bà Thành Phạm,21/01/2026
df465290-61ee-411a-9bac-27a7b386f7a4,Ông Hưng Đặng,795216110224,1951,0949474029,john40@example.org,"2 Jane Làng, JaneQuận, 281796",Tim mạch,11.53,Anh Dũng Lê,07/05/2026
98b8e4cc-1bc0-44fc-89cb-394243f59a85,Lan Đặng,803373177746,1979,0592739941,janetran@example.net,"45 John Ngõ, Thị xã JohnThị xã, 772090",Huyết áp cao,3.63,Yến Trần,08/03/2026
6703b636-5380-4904-a88c-7015aab97e49,Chi Dương,317260631980,1949,0915636787,hoangjane@example.net,"85 Hoàng Ngõ, Thị xã JaneHuyện, 947205",Huyết áp cao,10.4,Anh Tùng Mai,28/03/2026
a2086977-a9f2-4336-83f4-a9a948a639d0,Cô Yến Mai,939510714075,1951,0306935871,buijane@example.com,"566 Đặng Dãy, Thành phố JohnThành phố, 283204",Khỏe mạnh,5.88,Minh Trần,29/01/2026
8498e113-b227-462c-b53d-4330cdda24ba,Quang Hoàng,762564519984,2002,0860642134,rduong@example.com,"152 Lê Hẻm, JaneQuận, 306125",Tiểu đường,5.0,Chi Trần,05/03/2026
13d5f2f7-709b-4d97-864c-04af3d3f3799,Ông Tùng Dương,943765130468,1959,0355494239,knguyen@example.org,"Thị xã JaneHuyện, 3 John Hẻm, 333044",Khỏe mạnh,5.24,Quý ông Tùng Đặng,04/05/2026
c3fe0183-e172-4725-9b52-ca5805000bc6,Nhật Tấn Hoàng,245942769096,1957,0973977677,zmai@example.com,"374 Trần Khu, JohnXã, 104935",Tiểu đường,6.93,Linh Mai,01/05/2026
06e745f9-88bc-439c-9f4c-3b79fb10987f,Hưng Phạm,415441339793,1982,0866186871,nguyenjane@example.net,"68 Mai Tổ, Thị xã JaneHuyện, 576406",Tim mạch,11.3,Kim Hoàng,27/03/2026
0a4e5b70-a6d9-44a3-b510-ab53c7fee39f,Khoa Vũ,934323615969,1996,0909135132,mnguyen@example.org,"20 Lê Hẻm, JaneXã, 748248",Tiểu đường,10.28,Bà Khoa Dương,21/02/2026
9793b9b4-1374-4146-b2c5-bd89b70b3420,Phương Mai Bảo Phạm,140031950475,1997,0548021216,janedang@example.com,"10 John Dãy, JaneThành phố, 669983",Huyết áp cao,10.14,Cô Linh Đặng,07/04/2026
9dac6e83-4524-4ea6-a684-6099f7294951,Hải Hoàng,998900766618,1954,0926498471,jane30@example.net,"8 John Tổ, JohnHuyện, 457395",Khỏe mạnh,11.09,Chi Bùi,14/02/2026
e14eb70d-b380-473a-989d-9d4ae15ca666,Lâm Dương,652281200556,1973,0999303337,jane96@example.net,"7 Trần Làng, JaneHuyện, 366977",Huyết áp cao,3.96,Khoa Đặng,18/02/2026
6cedd15d-5800-4c02-87ea-7ff58db06746,Quang Phạm,194577621717,1957,0557898419,johnvu@example.org,"48 Jane Khu, Thành phố JaneXã, 301412",Khỏe mạnh,7.53,Trung Lê,17/01/2026
8da8eee4-0df5-4ac6-b96b-648a0ba6eab9,Kim Bùi,643092104992,1942,0817702080,johnhoang@example.com,"350 John Đường, Thành phố JaneQuận, 497082",Huyết áp cao,11.77,Ông Huy Phạm,17/04/2026
fe716b14-15ce-4a66-8dc8-2a1ef2f9e5fa,Chị Vi Lê,257844092421,1979,0739115919,jane31@example.net,"774 Trần Ngõ, JohnThị xã, 896704",Tiểu đường,9.64,Hải Đức Phạm,23/02/2026
4a8ff810-784c-4f29-9804-02a2b07aa066,Bà Hạnh Bùi,528957969638,1986,0702069519,cle@example.net,"59 John Số, Thị xã JohnHuyện, 968023",Tim mạch,5.43,Ông Bảo Bùi,01/05/2026
b04d3376-77fc-4703-9fd5-a423706c5c56,Phương Phú Trần,220334346883,1971,0318448654,maijohn@example.net,"794 John Số, Thị xã JaneQuận, 911090",Khỏe mạnh,7.11,Bảo Nguyễn,01/05/2026
6f962882-95d8-4980-bf37-d19c2e76128b,Quý cô Hương Dương,984473398930,1965,0315362899,avu@example.org,"76 John Đường, Thành phố JohnXã, 633221",Khỏe mạnh,5.81,Quý cô Kim Trần,02/03/2026
5c9d927d-84b8-41bb-b005-68d20de051a6,Bảo Trần,686920060414,1954,0799120743,dhoang@example.com,"202 Trần Đường, Thành phố JohnQuận, 766661",Khỏe mạnh,5.58,Quý cô Vân Đặng,26/03/2026
b77350ca-eec2-49dc-bf95-897c276aa6ce,An Thị Trần,061117432096,1965,0926087821,duongjane@example.com,"5 Nguyễn Ngõ, Thị xã JohnHuyện, 499106",Khỏe mạnh,7.22,Tú Trần,11/05/2026
7250ee18-260a-4962-9d81-b7f57d5911c6,Bà Duyên Đặng,376367756173,1991,0865146573,janevu@example.net,"7 Jane Khu, JohnThị xã, 584783",Huyết áp cao,11.68,Bác Hưng Hoàng,14/01/2026
b8f21423-03ed-41f8-b4f9-3d17e912b4bf,Anh Tùng Vũ,438677847260,1940,0929723676,dangjohn@example.com,"15 Jane Dãy, JaneHuyện, 106779",Tim mạch,10.55,Kim Bùi,26/02/2026
b4323070-a23d-4c2f-82a7-96891933918c,Phương Mai,547716447413,1986,0555298617,bpham@example.com,"99 Lê Hẻm, JohnPhường, 572132",Huyết áp cao,7.25,Trọng Đức Mai,19/01/2026
75a66981-4104-48b5-a34d-b7c5760debbb,Nhật Đặng,211637691900,2001,0791959040,ypham@example.org,"459 Bùi Khu, Thành phố JohnPhường, 534142",Tim mạch,5.82,Bà Hải Dương,08/02/2026
fa5a91ca-059d-455d-8b94-3e30b303f438,Quý cô Ánh Nguyễn,348246231071,1998,0559700933,janenguyen@example.com,"18 Jane Làng, JaneQuận, 767203",Tim mạch,5.97,An Đặng,06/04/2026
53a3dd5a-4b8c-4bdc-a8dd-5e5a1712fb16,Hải Bùi,286272693900,1992,0839883820,vujane@example.org,"62 Phạm Dãy, JaneHuyện, 695642",Huyết áp cao,10.46,Anh Trọng Bùi,01/03/2026
431d029f-ac1e-46d8-bfbf-397bac3e7b0d,Cô Linh Đặng,276530788138,1984,0942918137,aduong@example.org,"231 Jane Hẻm, Thị xã JohnQuận, 961944",Tiểu đường,6.58,Chị Mai Vũ,27/04/2026
5efa9c5b-7421-4f46-a37e-4b0122bae10e,Anh Hưng Đặng,040349400321,1983,0386130121,ubui@example.net,"8 Jane Hẻm, Quận JohnPhường, 968359",Huyết áp cao,9.34,Ngọc Nguyễn,13/01/2026
98de8ebb-a3b5-4ece-a446-be72364c911a,Bác Khoa Phạm,261396421767,1953,0932321381,vpham@example.net,"593 Jane Ngõ, Thành phố JohnThị xã, 261105",Tiểu đường,11.49,Quý cô Thảo Vũ,16/02/2026
52e2afd9-96bf-40ab-bce9-15e7c9d6a63b,Châu Trí Đặng,159011019147,1939,0831843071,janepham@example.net,"78 John Ngõ, Thành phố JohnPhường, 713404",Huyết áp cao,9.67,Lan Trần,25/02/2026
e8e22743-b65f-4ea9-bd82-42641ba362e7,Hà Bùi,513398086859,1979,0937533312,yduong@example.net,"9 Lê Ngõ, Huyện JaneHuyện, 258565",Huyết áp cao,6.81,Quý ông Trung Lê,22/02/2026
6d4067f4-5003-4b35-9857-8bafbac7e2b9,Cô Phương Mai,262424344473,1985,0846372447,vujane@example.net,"0 Vũ Đường, Huyện JaneThành phố, 393578",Tiểu đường,8.18,Bảo Xuân Phạm,20/03/2026
81e5c9f6-93f2-47cc-9a85-910d5a057c11,Nhiên Xuân Mai,407862647881,1951,0569245734,jane36@example.com,"624 Nguyễn Hẻm, Quận JohnPhường, 641867",Huyết áp cao,9.98,Anh Anh Nguyễn,16/03/2026
bdb025ff-2451-45a4-91d0-59b26699cd99,Kim Dương,709344199977,1951,0388958477,john76@example.net,"Thị xã JaneQuận, 22 Trần Làng, 390246",Tiểu đường,9.89,Châu Tấn Phạm,05/02/2026
585d3f86-1d23-44e6-8329-20b7c143f426,Tùng Mai Bảo Đặng,006121277224,1970,0575694103,jane79@example.net,"964 John Số, Thị xã JaneHuyện, 837042",Tiểu đường,7.81,Khoa Bùi,03/04/2026
ab05347f-d556-437d-8f08-81ee8011316b,Ông Tú Mai,236860601675,1967,0946082449,john88@example.net,"9 Mai Tổ, JohnPhường, 239182",Khỏe mạnh,5.23,Thành Vũ,01/02/2026
1422373f-8622-48d1-a683-e10796c044d0,Nhật Hoàng,839061263706,1959,0990417305,cle@example.net,"7 John Số, Thành phố JohnPhường, 403821",Khỏe mạnh,11.02,Quý cô Phương Lê,02/03/2026
72eb7474-9458-454e-8287-4f069050f7ef,Minh Hải Bùi,948256202531,1940,0852061808,phamjohn@example.com,"JaneThành phố, 798 Trần Số, 544029",Huyết áp cao,8.36,Bảo Đặng,08/03/2026
f4488385-8de7-4d6c-9490-77c27674456f,Chị Hà Phạm,348719040313,1982,0830287319,johnhoang@example.net,"5 John Khu, JanePhường, 516857",Tiểu đường,5.18,Quang Thị Hoàng,20/02/2026
990f0c5b-adcc-4daf-969f-3ab3c6435300,Trọng Phạm,580856310614,1940,0511615357,vhoang@example.org,"19 Vũ Tổ, JohnPhường, 860228",Huyết áp cao,4.13,Quang Thế Đặng,19/02/2026
20b71785-d02c-40c1-9417-0a17caaa5bbe,Quý cô Duyên Bùi,740623456163,1972,0367213653,jane39@example.org,"538 Dương Làng, JohnQuận, 203311",Huyết áp cao,3.75,Phương Phú Vũ,25/04/2026
6070b6a1-98e5-4499-a18c-6e1c9e374f7a,Nhiên Hoàng Mai,929788479605,1994,0315590784,jane47@example.org,"7 Bùi Ngõ, JohnPhường, 102099",Tim mạch,5.09,Bà Phương Dương,07/03/2026
d11fc8c0-297c-44ff-b75d-599f6b2d5b09,Khoa Trần,723808590962,1939,0344517659,john04@example.net,"4 John Tổ, Thành phố JaneThành phố, 207370",Tim mạch,7.91,Quý ông Tùng Hoàng,07/01/2026
62dbc850-3c5b-43a7-9fbb-f0b1808389c8,Bảo Mai Bảo Bùi,248834292940,1937,0870489188,zle@example.net,"711 Jane Dãy, Quận JohnQuận, 992373",Tim mạch,4.42,Chị Hải Nguyễn,01/02/2026
6b79afcc-3d0a-4f0c-8c39-4ec71f317405,Bà Linh Phạm,404211955404,1978,0723306542,janeduong@example.net,"48 Jane Hẻm, JaneHuyện, 493556",Khỏe mạnh,5.78,Mai Mai,06/01/2026
40ef3935-5f90-4ed6-bb25-664d630aa767,Hà Trần,404112972463,1960,0808333104,ldang@example.org,"JaneXã, 72 Trần Đường, 795235",Huyết áp cao,11.88,Lâm Xuân Bùi,27/04/2026
83f02dc7-4f61-4217-aef1-669450cae32d,Lâm Đức Mai,844152594888,1938,0762782449,buijane@example.net,"JaneThành phố, 02 Nguyễn Khu, 812382",Tim mạch,3.97,Hạnh Đặng,15/04/2026
6e3c4532-1434-4f62-acac-028cba220065,Duyên Trần,103391254802,1941,0513913668,whoang@example.org,"73 Jane Dãy, Thị xã JaneHuyện, 266044",Khỏe mạnh,4.88,Cô Thảo Bùi,19/01/2026
702c1821-c804-4fb7-ad97-3b679b89e5cb,Chị Lan Nguyễn,594294369966,1952,0339467284,john26@example.net,"5 Nguyễn Số, Thành phố JohnHuyện, 797656",Khỏe mạnh,8.1,Lâm Thị Hoàng,07/03/2026
1e2595b8-8fc9-486b-a9dd-ebf563119aca,Lan Trần,343650759889,1951,0720706683,jane31@example.com,"6 Mai Ngõ, Thị xã JaneXã, 974604",Khỏe mạnh,10.84,Nhật Hoàng,16/01/2026
3c9abe10-238d-4f44-8ac4-d0eb3373730e,Quý ông Thành Nguyễn,073138603718,1977,0339242446,john50@example.net,"64 Mai Dãy, Quận JohnXã, 127416",Huyết áp cao,7.82,Nhật Nguyễn,26/02/2026
d4d60735-0e2f-4958-9e43-1e06e9247069,Bác Trung Lê,247099611671,1957,0802618228,janemai@example.net,"9 Jane Làng, Quận JohnThành phố, 698563",Khỏe mạnh,8.33,Thành Bùi,11/01/2026
93a74792-c561-48dc-a436-4fcdf2d3f761,An Trí Mai,296811466502,1965,0826059010,johndang@example.com,"496 Jane Số, JohnPhường, 239969",Tim mạch,11.98,Hương Đặng,10/02/2026
fcef1972-bbf4-43ce-91be-b80eb7e6a14c,Bảo Hải Đặng,389555733435,1972,0803619552,lejohn@example.net,"449 Jane Dãy, JohnThành phố, 206165",Tiểu đường,9.82,Minh Vũ,11/05/2026
4efc8248-e10b-4a47-bfae-b7487781321e,Minh Dương,455942912219,1972,0758751396,vujohn@example.net,"Huyện JaneHuyện, 9 Phạm Hẻm, 536164",Tim mạch,11.11,Quý ông Huy Đặng,22/02/2026
5cce5ba9-31d4-4e09-8fd3-3afc91fdfa4f,Cô Ngọc Bùi,560722349580,1972,0738127800,john17@example.org,"826 John Đường, JohnXã, 104306",Tiểu đường,4.94,Thành Thế Đặng,21/03/2026
ee6e2e72-53f5-41dc-a3c8-afdb83f82f16,Bà Hải Nguyễn,218044664891,1989,0556794304,imai@example.net,"3 John Số, JohnXã, 151055",Tiểu đường,6.52,Chị Yến Bùi,30/01/2026
2ba6adb3-7afe-4114-9561-c8130d259caa,Quý cô Ngọc Nguyễn,520274434454,1977,0891445711,tranjohn@example.org,"32 John Hẻm, JaneHuyện, 587922",Khỏe mạnh,9.45,Quý cô Duyên Hoàng,14/02/2026
de1e994a-c5a1-4f5c-ad05-b9125ab28d4a,Bác Vũ Đặng,383338022357,1949,0373148006,uhoang@example.com,"101 Lê Tổ, Thành phố JaneThị xã, 777926",Khỏe mạnh,6.65,Tú Phú Trần,08/02/2026
143b45e3-b6d1-46bb-b48f-709c49a22441,Chị Xuân Đặng,908070479425,1950,0774617191,janevu@example.org,"984 Trần Ngõ, JaneThành phố, 848961",Huyết áp cao,6.91,Bác Hoàng Vũ,01/01/2026
286ed390-edd9-4a1a-ba58-5b278ce3e7c3,Bác Trọng Vũ,420868886999,1982,0804528258,jane97@example.net,"7 Mai Làng, Huyện JaneQuận, 524039",Tiểu đường,8.98,Nhật Phạm,09/02/2026
fba57cc8-edaf-4766-9b78-0ede9a4ffc0c,Hà Phạm,996021224590,1973,0331092584,jane85@example.net,"7 Hoàng Làng, Quận JohnXã, 134147",Huyết áp cao,10.27,Quý cô Duyên Vũ,25/01/2026
ef9240b6-52d7-4f10-ba3a-6e9623ff23d3,Quang Trí Lê,647208527842,1952,0303990908,buijane@example.net,"393 John Dãy, JaneThành phố, 401471",Huyết áp cao,5.44,Chi Mai,18/02/2026
22319050-f515-4494-b818-cfd33889936a,Chị Thành Đặng,932973851197,1962,0396195719,johndang@example.org,"11 Phạm Tổ, Thị xã JaneQuận, 838079",Khỏe mạnh,4.14,Cô Thảo Đặng,22/04/2026
3495311e-ae27-4432-9dc1-e7eb711c7673,Chị Vi Vũ,947545400929,1994,0529253429,janehoang@example.com,"12 Mai Hẻm, Thị xã JohnQuận, 371943",Huyết áp cao,5.21,Anh Quang Trần,15/02/2026
0f6ce9bf-fe7e-4362-8a89-b0f0105291d3,Quang Đức Lê,469297819687,1956,0502819092,jane78@example.net,"24 Hoàng Số, JohnHuyện, 664080",Khỏe mạnh,3.91,Nhật Phú Vũ,09/05/2026
8b60c511-b816-4aeb-ac6a-7c8576876c62,Thành Đặng,603812014727,1953,0552775861,vduong@example.com,"JanePhường, 9 Jane Số, 580073",Tim mạch,11.63,Huy Bảo Bùi,22/02/2026
c11f6bf5-379e-4467-8a2d-b2e63bfda8a6,Chị Vi Phạm,361135606515,2007,0859102856,maijohn@example.org,"85 Jane Làng, JaneQuận, 483346",Khỏe mạnh,8.7,Hạnh Phạm,07/01/2026
abdd1a8f-a4b0-4c89-b10b-ce9c582b91ee,Thành Phú Phạm,169641698529,1965,0571805726,buijane@example.net,"10 John Tổ, JaneQuận, 481868",Huyết áp cao,9.59,Hải Hải Nguyễn,13/01/2026
0d31812e-30c3-4756-9453-f867b97e6224,Bác Châu Đặng,472842435933,1979,0343941099,janele@example.net,"7 Dương Tổ, JohnHuyện, 902814",Khỏe mạnh,9.57,Yến Trần,11/03/2026
5c11ab6d-42f5-43f5-8ef4-c34d5bf86f3c,An Mai,678514713732,1990,0934180076,ftran@example.org,"48 Lê Hẻm, Thành phố JohnThị xã, 715767",Tim mạch,8.76,Cô Xuân Bùi,07/03/2026
566a9ce7-af52-4b94-b186-e47aa7946320,Khoa Hoàng,246635591907,1968,0585317154,phamjane@example.com,"608 Jane Dãy, Huyện JohnHuyện, 855077",Huyết áp cao,10.75,Quý cô Xuân Bùi,02/01/2026
0f79a8a7-5f8a-44bd-b4bd-0c938177b661,Duyên Bùi,765398138098,1974,0594064410,dangjane@example.com,"6 Đặng Tổ, JohnHuyện, 470826",Huyết áp cao,10.37,Lâm Mai,02/03/2026
39d1c7ff-b27e-4442-bd7f-e9733e42df5b,Quý cô Thành Nguyễn,622543414378,1942,0964560784,wdang@example.org,"92 Jane Dãy, JohnPhường, 288143",Tiểu đường,4.32,Bà Nhật Dương,04/03/2026
af36b8cc-1308-4974-ac95-b3ac0beb7c34,Bác Hưng Hoàng,384052968598,1983,0333941023,jane67@example.org,"86 John Hẻm, JohnQuận, 832113",Tiểu đường,6.19,Minh Bùi,08/01/2026
1375ee90-d6b3-41e4-bb6d-ca0d6fe5040b,Hồng Trần,641338757594,1937,0393573075,jdang@example.com,"47 Nguyễn Ngõ, JohnQuận, 187992",Khỏe mạnh,9.21,Bác Nhiên Vũ,11/02/2026
f165d779-0154-4950-976d-e21f1b46ebdc,Thảo Nguyễn,661927591387,1990,0896683209,ile@example.com,"544 John Đường, Quận JohnHuyện, 186203",Tim mạch,7.33,Vi Vũ,29/04/2026
85671b58-926b-4fa5-be24-5fbffa698cd2,Anh Vũ Lê,794069155342,1954,0821978805,janevu@example.com,"57 John Khu, JaneXã, 758493",Tim mạch,7.66,Xuân Dương,13/02/2026
dcb9075e-cdd7-4460-a140-77d39ec4ea48,Phương Đức Hoàng,395688195087,1994,0583111076,nguyenjohn@example.com,"399 John Đường, Thành phố JohnXã, 438475",Tiểu đường,6.66,Phương Bảo Nguyễn,15/01/2026
ff4cc10f-979c-40cf-b326-1887905881df,Hải Trần,958001712016,2004,0347366810,john42@example.net,"215 Mai Đường, Quận JaneThị xã, 148256",Tim mạch,10.86,Nhật Bùi,04/03/2026
ec6a37ad-81b1-4db9-88cc-4d49669b29b8,Thành Dương,033777063471,1986,0948830531,janevu@example.org,"3 Jane Làng, JaneQuận, 613061",Tiểu đường,7.21,Nhật Mai Nguyễn,08/04/2026
9342a09f-b00a-464c-949c-d8d48ed8a80d,Yến Hoàng,814066937028,1969,0966399806,johndang@example.net,"54 Trần Làng, Huyện JohnThị xã, 129979",Khỏe mạnh,10.76,Quý cô Phương Dương,09/02/2026
05c8234b-1d76-4a66-b5f5-9cb0cf685878,Thành Mai Đặng,474332879574,1973,0930616771,john97@example.net,"871 Đặng Tổ, JohnQuận, 406715",Khỏe mạnh,8.19,Nhật Dương,17/03/2026
2fdc9992-8971-4eea-9f3a-098accac2fb5,Chi Dương,185614326494,1943,0556507650,john39@example.net,"82 Dương Số, Thành phố JohnXã, 628326",Khỏe mạnh,5.19,Kim Dương,16/01/2026
82c56b21-2430-42da-b185-0eb85f90fc87,Quý cô Nhật Lê,642827309987,1963,0588224312,johnnguyen@example.com,"63 Vũ Tổ, JohnThành phố, 327675",Huyết áp cao,9.75,Thành Hữu Nguyễn,26/01/2026
816462cb-8fc3-47d3-b6bd-80c7624a2a50,Mai Hoàng,734113170976,1987,0943041341,zduong@example.com,"61 Mai Số, JohnThị xã, 625240",Huyết áp cao,11.18,Cô Duyên Vũ,05/02/2026
5deaa737-fdab-4441-92c2-a9608b0901ab,Lâm Bùi,569117460047,1975,0877120313,odang@example.net,"468 Jane Số, JohnQuận, 713739",Khỏe mạnh,9.0,Cô Hồng Trần,17/04/2026
59cf0b0d-91f0-447d-8f32-1333ce315937,Mai Mai,310559686937,1947,0359849465,phamjohn@example.net,"18 Nguyễn Hẻm, JaneThị xã, 462244",Huyết áp cao,8.79,Anh Anh Hoàng,19/01/2026
6a0aa7d5-a0b8-4755-84ca-a5a2a1e518a2,Thành Hoàng,621645540182,1964,0330140835,janevu@example.net,"05 Trần Làng, JaneXã, 900834",Tiểu đường,3.84,Hà Đức Mai,17/03/2026
c9ce44bd-7c3f-4add-9a38-5db590eeb067,Cô Khoa Nguyễn,201304452532,1981,0508315923,johnle@example.net,"1 Hoàng Hẻm, Quận JohnPhường, 696776",Tiểu đường,6.96,Lâm Bùi,06/04/2026
a7cde143-6de2-4429-bbf0-d9c1c156e501,Chị Bảo Hoàng,619345348218,1935,0821802377,dtran@example.org,"445 Dương Số, JohnThị xã, 178000",Tim mạch,5.98,Tùng Phạm,18/02/2026
c601818b-61fa-41ba-a31a-e7c74c9bff5c,Nam Hoàng,483409111398,1976,0837722188,janebui@example.net,"1 Mai Hẻm, Quận JohnHuyện, 467462",Tim mạch,8.07,Linh Trần,26/03/2026
999a1d86-99db-4302-8dab-66d33f87dfc2,Minh Phạm,688543153856,1950,0922044870,janetran@example.net,"791 Trần Hẻm, Quận JaneHuyện, 542072",Khỏe mạnh,3.98,Bà Chi Trần,06/05/2026
965d744f-0445-41a8-92af-97e4c536c66e,Hạnh Hải Dương,552577354493,1951,0325076423,jane36@example.org,"07 Bùi Số, JohnHuyện, 982097",Tim mạch,5.01,Tùng Phạm,25/03/2026
a4a5c736-ae59-4a52-a65b-e22bd5a386d9,Hạnh Vũ,537777508038,1988,0579730337,john51@example.com,"448 Jane Làng, JaneXã, 416134",Tim mạch,10.3,Lâm Lê,09/03/2026
2abe1585-425e-4259-b884-16d2d28fcf68,Tú Vũ,031513216806,1991,0804817058,ble@example.com,"00 Lê Dãy, Huyện JohnThành phố, 989376",Tiểu đường,7.71,Hồng Đặng,12/04/2026
b90800f3-ac93-481a-92eb-eab0e4eec67c,Khoa Phạm,409220916853,1935,0554653294,ktran@example.com,"535 Nguyễn Ngõ, JaneHuyện, 161241",Khỏe mạnh,6.1,Bà Chi Phạm,16/01/2026
2de982f8-0d7b-4c04-a6e5-9b32ac5f12ef,Hạnh Bùi,812733235798,1999,0950517051,whoang@example.net,"9 Phạm Ngõ, JaneThị xã, 116516",Tim mạch,8.09,Hưng Hữu Bùi,04/01/2026
d6ee526b-a2cd-4590-98af-393c8aa2b4c9,Chi Vũ,779286964328,1990,0316973926,janevu@example.org,"69 John Làng, JaneXã, 697191",Huyết áp cao,9.18,Quý cô Hương Bùi,08/03/2026
13281726-64f4-44d6-91e9-1691a3209116,Trung Phú Dương,637661401122,1952,0591498427,jane00@example.net,"28 Jane Tổ, Thành phố JohnHuyện, 969618",Tim mạch,8.4,Quý cô Bảo Lê,07/05/2026
769de1e3-4eed-4124-b3b0-d6763527a5c8,Kim Văn Đặng,270917840305,1946,0723426699,znguyen@example.org,"60 Jane Ngõ, JohnHuyện, 406958",Khỏe mạnh,5.82,Cô Nhật Lê,16/04/2026
0fc98d2e-030f-4be9-9f17-8f9323c97a1e,Bà Chi Hoàng,886202399502,1962,0746850159,buijohn@example.org,"6 Jane Ngõ, Quận JaneQuận, 539931",Khỏe mạnh,5.2,Ông Dũng Hoàng,04/01/2026
5a9c0679-2c3d-47e2-ad39-da75aee70ab2,Khoa Thế Nguyễn,843993247072,1967,0320199518,jane65@example.net,"25 John Ngõ, JohnHuyện, 413922",Tiểu đường,5.13,Huy Hoàng,15/04/2026
b69f75c5-c82b-41be-a1eb-64e6fd498e20,Hà Đức Mai,488993923061,2001,0340401343,wnguyen@example.com,"327 Nguyễn Đường, Quận JohnThị xã, 605792",Khỏe mạnh,11.53,Tú Mai Đặng,11/04/2026
d8b48ead-9360-4edf-b82b-5b86f2a32efd,Trọng Mai Vũ,407689970298,1952,0307799657,lejohn@example.org,"0 Jane Ngõ, JaneHuyện, 752760",Tiểu đường,11.27,Cô Hạnh Hoàng,04/03/2026
33932b6c-9d37-4fb6-aafb-3e9054ec84ce,Kim Tấn Trần,154226697158,2002,0947928079,pmai@example.com,"0 Vũ Ngõ, Quận JaneHuyện, 731351",Huyết áp cao,8.58,Nhật Lê,27/03/2026
8fddbebc-f7ff-48d4-b509-f08a2c988bca,Nhật Hữu Phạm,619249178303,1957,0754015910,lejane@example.org,"316 Mai Tổ, Thị xã JaneThị xã, 831722",Tiểu đường,8.52,Bà Khoa Nguyễn,09/05/2026
f68c62e6-e2a4-4909-a2dd-22d52afaab7b,Chị Duyên Vũ,021612215440,1967,0883077357,dangjohn@example.net,"21 Nguyễn Hẻm, Huyện JohnQuận, 294298",Huyết áp cao,5.36,Chị Xuân Dương,19/04/2026
a6a5f0ff-93fb-41d0-9d32-6d9cc9ea356a,Bác Nhiên Đặng,309617727137,1993,0590998718,janele@example.com,"25 Phạm Ngõ, Thị xã JaneThị xã, 585529",Tiểu đường,3.78,Quý cô Nhật Đặng,27/04/2026
54c29d5c-19ec-4829-8db5-d4412837f418,Lâm Trần,615004028520,1988,0898287091,buijohn@example.org,"36 Jane Số, Huyện JaneThị xã, 869660",Tiểu đường,9.28,Chị Ánh Trần,08/05/2026
4ef03f80-1d91-4e39-9801-4004793bed1b,Quý ông Châu Mai,507749772070,1942,0544914296,jane97@example.com,"494 Nguyễn Hẻm, JohnXã, 563439",Khỏe mạnh,10.1,Anh Huy Hoàng,30/01/2026
d183010f-6319-429b-973e-7bb90f9ca17b,Duyên Mai,188525832152,1999,0931170699,qduong@example.org,"5 Nguyễn Dãy, Thị xã JaneThị xã, 456691",Khỏe mạnh,7.13,Tú Lê,10/05/2026
d2938e6e-ff4d-4930-b3b0-fb536f75ee8a,Hoàng Đức Dương,408895881096,1941,0335101252,johnduong@example.org,"9 Dương Khu, JaneThị xã, 829400",Tiểu đường,9.3,Minh Quang Nguyễn,26/04/2026
620f230b-439e-454c-a930-16eae0bda1ee,Cô Hạnh Lê,416903195047,1955,0853243388,john62@example.net,"4 Bùi Hẻm, Thành phố JaneThành phố, 654839",Tiểu đường,3.56,Cô Hà Hoàng,21/04/2026
1924c644-af52-4666-b239-09f4dbb54645,Hải Phú Nguyễn,414456156613,1991,0829269137,dangjane@example.com,"18 Jane Hẻm, JohnThị xã, 646823",Tim mạch,8.66,Quý cô Hạnh Dương,25/04/2026
3fde9814-0ec0-4d4b-9644-1a9d3362d476,Ngọc Nguyễn,736544765678,2002,0586304864,jane83@example.net,"0 Jane Đường, JohnThị xã, 910934",Huyết áp cao,9.82,Thành Bùi,09/04/2026
0706fec2-48fa-4e98-9723-ecdbb0588256,Chị Nhật Lê,470950808430,1992,0842000317,buijohn@example.com,"2 Mai Số, Quận JaneThị xã, 508127",Khỏe mạnh,10.39,Bác Trung Hoàng,28/04/2026
4082fcda-7580-44e9-9945-0186da018d29,Khoa Phạm,585580449834,1995,0374705292,janele@example.org,"5 Phạm Số, Quận JaneQuận, 274523",Tim mạch,6.01,Xuân Mai,25/01/2026
e651e3e1-3d84-4fc9-83f6-2136846d5a3b,Bảo Bùi,957645387240,1964,0867524481,bdang@example.com,"1 John Tổ, Thành phố JohnThị xã, 931101",Tim mạch,3.86,Chị Hồng Phạm,03/03/2026
ceef9fa8-b9a5-44d0-8237-01f1bdacdc5e,Ngọc Dương,574672298681,1951,0860704184,hoangjohn@example.com,"20 Lê Số, JaneXã, 333530",Khỏe mạnh,10.98,Lâm Hoàng,10/05/2026
91c46efc-fcb8-46bb-a8c0-cbef57b936b0,Quý ông Hưng Trần,345489106290,1992,0911054216,ndang@example.com,"1 Mai Khu, Thành phố JohnXã, 741231",Huyết áp cao,11.11,Chị Hồng Trần,01/01/2026
5f8392d5-bb0c-4919-b30c-cff588a5fa0d,Thảo Hoàng,375122380864,1990,0968768474,john50@example.org,"012 Đặng Số, JohnThành phố, 597248",Tim mạch,11.81,Cô Nhật Lê,01/03/2026
567c5d44-862c-42fd-98ab-b2e785319f0f,Thành Nguyễn,462112735090,2008,0780009788,johnvu@example.com,"731 Jane Đường, JaneThành phố, 718590",Tiểu đường,11.53,Minh Mai,07/01/2026
1bad52a8-a976-4c4d-8c47-2187fea35d37,Hạnh Mai Bảo Vũ,278280377846,1965,0760841970,nguyenjane@example.com,"613 John Dãy, JohnThị xã, 754382",Tiểu đường,11.42,Anh Đức Hoàng,13/04/2026
3322c68b-9be7-4aec-b2da-81f07f6bd3c6,Hạnh Nguyễn,546320327642,1961,0719209060,johnhoang@example.com,"5 Jane Ngõ, Thị xã JohnThành phố, 638868",Khỏe mạnh,7.2,Quý ông Nhiên Lê,10/01/2026
41822509-e79f-4f3d-99ee-2c3bb93c4b0b,Bác Trung Nguyễn,672404320051,1969,0751516082,johntran@example.com,"16 John Hẻm, Quận JaneThị xã, 921836",Huyết áp cao,9.92,Cô Thảo Nguyễn,17/04/2026
6676cc75-6699-4af5-9d24-181c2ed087d4,An Hữu Vũ,019617237479,1993,0761688351,vujane@example.com,"0 Dương Tổ, Quận JohnThị xã, 944872",Khỏe mạnh,3.78,Tùng Hoàng Hoàng,27/04/2026
42f90f92-1036-4a81-8bc4-d7ba70d0ebcb,Quý cô Hạnh Bùi,233138484499,1973,0749083177,john34@example.org,"88 John Dãy, JaneThành phố, 823789",Tiểu đường,11.12,Hải Phạm,08/05/2026
8ced4707-3903-4b65-81c6-1eeb0ce3c8c8,Bà Linh Đặng,953773933292,1968,0878751265,vujohn@example.net,"178 John Dãy, Quận JaneXã, 419667",Tim mạch,8.73,Khoa Mai,28/01/2026
57423882-f34a-4949-b4ca-0ad7abe5be96,Bác Tùng Mai,752969264800,1959,0366723716,lejohn@example.net,"8 John Hẻm, JohnXã, 534521",Huyết áp cao,8.47,Vũ Phạm,26/01/2026
6494dd5c-da29-4905-ae22-a70b1ee93260,Thành Văn Vũ,508856385920,1987,0942053442,bdang@example.org,"29 Jane Dãy, JaneThành phố, 899770",Khỏe mạnh,11.46,Dũng Vũ,14/01/2026
e1f85b33-9b2d-4a2a-99bd-6240a8535961,Lan Lê,422634097814,2006,0590633139,jane59@example.com,"615 Dương Khu, JanePhường, 164700",Khỏe mạnh,5.77,Khoa Dương,04/04/2026
ac20af11-ebd3-4927-9865-28e6afc5c20e,Kim Hữu Lê,360071904157,1986,0384544696,phoang@example.org,"681 Trần Làng, Quận JaneHuyện, 275768",Tiểu đường,9.9,Quý ông Hưng Lê,09/04/2026
aef2ab2f-495f-42fc-bbc8-c77e29330fc4,Bà Phương Trần,967610248812,1985,0741601291,lejane@example.com,"86 John Ngõ, JaneThị xã, 690950",Tiểu đường,9.23,Bà Hương Hoàng,08/01/2026
9edd2182-33fd-462d-8057-e470be6127a8,Vũ Phú Lê,032236051338,1975,0817315223,john78@example.org,"42 Dương Khu, Thị xã JaneHuyện, 388675",Tiểu đường,10.23,Khoa Tấn Hoàng,03/03/2026
27591ad4-0a39-4bf7-a7a1-58a0efffa2f4,Bà Hồng Đặng,569385439415,1996,0871608660,lejohn@example.org,"47 Lê Đường, Huyện JohnQuận, 680735",Tim mạch,8.46,Phương Xuân Dương,13/02/2026
c0ae0b1a-f347-4736-b7ec-07a64b27b079,Hà Dương,618950025267,1967,0815777077,ivu@example.com,"51 Jane Số, Thành phố JaneThị xã, 217610",Tim mạch,8.63,Bà Khoa Đặng,05/05/2026
c5f833cf-f4ce-4477-b8bc-a9ac2ada62ce,Bảo Lê,023835588911,1950,0811599032,wnguyen@example.net,"958 Jane Hẻm, JohnThành phố, 320884",Khỏe mạnh,10.25,Quý cô Thảo Bùi,15/03/2026
e9366a85-3a46-4be3-9255-a4de9330ba83,Cô An Hoàng,079613084022,1968,0374099231,johnduong@example.net,"83 Mai Hẻm, Thành phố JohnQuận, 744975",Tim mạch,4.12,Hải Hoàng Nguyễn,06/02/2026
65262474-61a4-41ff-b00b-8b43ed3b9d13,Chị Duyên Mai,042345840557,1974,0377621566,ble@example.net,"044 Dương Dãy, JohnHuyện, 793024",Huyết áp cao,4.04,Ngọc Dương,19/01/2026
d5b211a9-9dec-4b83-b885-8f7e2f1a25a8,Anh Anh Mai,045393312867,1948,0347643190,janele@example.com,"4 Jane Hẻm, Thị xã JaneQuận, 221513",Tim mạch,8.19,Anh Dũng Hoàng,10/01/2026
735d88f3-7c61-46df-915a-6b4331891f48,Thành Hữu Dương,876579111133,1946,0375664680,johnvu@example.org,"65 John Số, JohnPhường, 455568",Huyết áp cao,6.2,Bác Thành Trần,15/01/2026
d77fbeeb-14fc-4a5d-9b4b-f377a542deb9,Quý cô Hà Lê,447428183386,1949,0772187357,johnduong@example.com,"Huyện JohnHuyện, 71 John Khu, 631506",Huyết áp cao,9.49,Bác Minh Nguyễn,07/03/2026
808e08d2-5d26-4b1b-a593-b659172e8c68,Hương Dương,504864944427,1997,0720362463,thoang@example.org,"92 Jane Số, JaneThị xã, 990252",Huyết áp cao,10.99,Tùng Đặng,09/03/2026
783c91eb-635a-41f2-9c7a-f83dca9d2704,Hạnh Thế Bùi,783641579865,1942,0575111377,johnle@example.net,"9 Jane Đường, JohnQuận, 406297",Tim mạch,4.61,Hà Thế Nguyễn,27/02/2026
a4bae8bf-83b8-4a05-93bc-0dc63ae0acdb,Chị Ngọc Nguyễn,521860890244,1949,0981259229,janeduong@example.com,"575 John Đường, JaneQuận, 286807",Tim mạch,4.15,Thảo Mai,06/01/2026
2a955908-0e50-4fd8-a598-f38392803da2,Trọng Bùi,435335005451,2005,0356784346,johnpham@example.org,"362 John Hẻm, JaneQuận, 783196",Huyết áp cao,9.41,Hải Trần,19/02/2026
33cd1d56-043d-42db-9bcb-404c21d8b96a,Thành Thế Vũ,210922318770,1970,0329107320,tranjohn@example.org,"98 Vũ Đường, Huyện JohnPhường, 186851",Tim mạch,7.09,Quý ông Dũng Dương,15/02/2026
c2f43c10-e869-407c-bdcb-fffccdfba4e9,Tùng Lê,531181129913,1953,0924275605,dduong@example.org,"21 John Ngõ, Thị xã JohnQuận, 369027",Huyết áp cao,4.0,Quý ông Thành Vũ,21/01/2026
42e4bf01-40ee-431d-95da-d216a6cdae3c,Quang Đặng,841592543423,1955,0759810725,johnbui@example.org,"091 Jane Làng, JaneQuận, 563212",Tim mạch,11.65,Quý cô Vân Bùi,28/02/2026
19abdc15-296b-47bf-b301-bb6cb3061300,Hoàng Trí Vũ,402687344376,1993,0588188006,jane76@example.net,"165 Nguyễn Hẻm, Thị xã JohnXã, 399851",Huyết áp cao,5.45,Trọng Lê,08/01/2026
a3ea21a2-2cde-4187-91fa-82a6c60b340c,Nhật Dương,232933411423,1997,0744153198,janemai@example.net,"Thành phố JanePhường, 283 Lê Dãy, 914767",Huyết áp cao,5.61,Ông Châu Hoàng,18/03/2026
b4209103-bca7-46eb-83ef-0f77848ac924,Nhật Quang Dương,331792143861,1956,0555123214,janetran@example.net,"8 Hoàng Làng, Quận JohnThị xã, 543359",Tim mạch,10.05,Bảo Dương,25/04/2026
400945ce-932c-4ec9-8b1b-8effd02a6cbb,Phương Đức Trần,272505946126,1991,0343773617,jane45@example.net,"517 Jane Ngõ, JohnThị xã, 955291",Tim mạch,4.99,Duyên Nguyễn,14/03/2026
5a81762a-5059-477b-b9ff-89d92db13deb,Cô Lâm Đặng,157530583588,1971,0339165015,buijane@example.com,"5 Jane Hẻm, JanePhường, 879752",Tim mạch,9.56,Hải Lê,06/03/2026
9313b3a7-e5a1-46e4-a188-6146fc40a3d4,Chị Duyên Hoàng,868986704927,2007,0773964292,qnguyen@example.org,"0 Trần Tổ, Quận JaneThành phố, 281494",Tiểu đường,8.0,Phương Hữu Phạm,30/03/2026
534fc96d-19ca-4c1b-94bc-f47a61223189,Bác Thành Bùi,262849201192,1975,0964579438,janenguyen@example.net,"242 Bùi Ngõ, Huyện JaneHuyện, 905156",Tim mạch,9.26,Linh Mai,16/04/2026
618192de-db37-4ca7-aea5-e3418e2ac3ff,Tùng Lê,420327220253,1969,0875340023,janebui@example.org,"962 John Làng, JohnQuận, 344577",Tim mạch,5.19,Hà Lê,04/02/2026
ee8d5daa-8eb7-4306-8f73-198e5c3d0d5f,Bà Nhật Phạm,803937244481,1965,0551985046,john21@example.net,"21 John Đường, Thành phố JanePhường, 417832",Tiểu đường,10.74,Hưng Lê,25/02/2026
d9518f98-679f-4f42-9256-d7079cc05b67,Hạnh Phạm,552417933327,1960,0546223661,dangjane@example.org,"4 Phạm Làng, Thị xã JaneQuận, 525626",Huyết áp cao,7.19,Bảo Đặng,22/01/2026
efd1b588-1054-42d5-9876-35761a5ed196,Ông Thành Phạm,383985266875,1973,0911719813,janebui@example.org,"06 Jane Làng, JanePhường, 590516",Khỏe mạnh,11.79,Chị Hạnh Lê,08/05/2026
8c6d768e-45bc-43ba-af52-d36e8a63b93c,Cô Hà Đặng,768493777301,1978,0394328904,john78@example.net,"1 Trần Làng, JohnHuyện, 972399",Tim mạch,6.89,Trọng Đặng,10/03/2026
5808d790-22e4-4628-9913-057dc21f84fc,Nam Phú Đặng,927219292148,1935,0734236327,jane82@example.com,"893 John Khu, JaneQuận, 822598",Tim mạch,4.33,Ông Quang Hoàng,04/02/2026
84408e98-3d53-4c43-a015-2b5b6c17e150,Thảo Lê,625568207671,1994,0300813026,vujane@example.org,"5 John Tổ, JohnQuận, 210387",Tiểu đường,3.92,Nam Quang Dương,06/02/2026
ba23b07a-703c-4286-b717-14cd200291bb,Bà Hồng Mai,019046219440,1946,0374362856,johndang@example.net,"50 Dương Khu, JohnXã, 163460",Tiểu đường,6.46,Ông Dũng Dương,18/04/2026
f97f4994-1f38-4f55-833a-c4d6d4085391,Bảo Trần,576666578826,1953,0316551424,jle@example.com,"854 Phạm Hẻm, Thành phố JohnPhường, 290975",Tiểu đường,7.01,Thành Quang Đặng,24/04/2026
3c6841d6-1ce8-412f-b928-7d2637c0f87a,Bà Xuân Trần,316113778825,1993,0594526125,john58@example.org,"6 Bùi Dãy, JohnThị xã, 218382",Huyết áp cao,8.45,Cô Thành Mai,31/01/2026
a50784cb-c9df-401e-8ef0-0de1fb4f1972,An Nguyễn,521892446539,1985,0395260473,johnhoang@example.com,"922 John Tổ, JaneHuyện, 550246",Khỏe mạnh,11.62,Trung Bùi,28/02/2026
5dfb1922-8aa6-4006-836a-db9dd1c56a00,Tùng Đức Bùi,085799573037,1988,0708637228,johnhoang@example.org,"1 Lê Ngõ, Quận JaneXã, 378908",Huyết áp cao,4.15,Duyên Vũ,28/03/2026
2138e2e6-f013-4170-95cf-3b4c0b34fc84,Quý cô Nhật Trần,066859796799,1970,0546038205,johndang@example.net,"4 Jane Khu, JohnHuyện, 564103",Tim mạch,6.53,Dũng Nguyễn,08/04/2026
5e7b4866-d270-4470-aa7b-e8b1e3f342a8,Bà Hải Dương,676389649874,1954,0358596295,janehoang@example.com,"06 Jane Ngõ, JaneHuyện, 298933",Huyết áp cao,12.0,Bảo Phạm,22/01/2026
81338bdc-66cc-4376-8cca-89632e2e77a4,Bà Chi Nguyễn,375758413622,2001,0894595716,john66@example.net,"84 John Số, JaneThị xã, 992082",Tim mạch,4.56,Quý cô Hải Nguyễn,09/05/2026
2294fa0a-8482-4c08-842c-65ad9883e9b1,Châu Mai Bảo Lê,108769123073,2007,0517951074,maijane@example.net,"35 Phạm Số, JaneXã, 687235",Tim mạch,4.61,Bảo Hoàng Lê,22/02/2026
13c37b5d-bbf8-4a91-b7a9-f824eafa4d5b,Bà Mai Nguyễn,197581927923,1995,0387377587,lejohn@example.net,"4 John Khu, JaneHuyện, 669909",Tiểu đường,6.88,Ánh Đặng,16/03/2026
388629ff-b2a0-4778-809d-644453ab3cce,Thành Đặng,139120651476,2006,0522148503,jane89@example.net,"7 John Khu, Thị xã JaneThị xã, 733321",Huyết áp cao,8.24,Phương Thị Nguyễn,05/03/2026
8fa8ae34-3233-4053-9242-ba54a6f9c0e1,Quý cô Lâm Hoàng,710585589305,1992,0883199179,jane82@example.net,"224 John Số, JohnQuận, 623638",Khỏe mạnh,6.42,Mai Mai,31/03/2026
da4ec04c-ba7e-4b86-81fa-d75327ef0a4b,Phương Hữu Mai,621402993434,1953,0544351965,janebui@example.org,"473 Mai Hẻm, Quận JohnThị xã, 248243",Tiểu đường,9.77,Ông Hoàng Vũ,29/04/2026
2b9a118e-4165-464c-8b21-a30886dc4e34,Anh Hải Trần,711942748726,1992,0914946951,john99@example.com,"26 Đặng Khu, Thành phố JohnXã, 128261",Huyết áp cao,4.27,Nhiên Phú Nguyễn,24/04/2026
32e97c2d-2fb9-4ccf-9688-85c288145bde,Chị Thành Phạm,279661415105,2002,0783418950,fvu@example.org,"849 Jane Ngõ, JohnQuận, 422402",Tiểu đường,10.95,Bác Minh Phạm,20/01/2026
23238416-a82c-4e18-a491-982be5ad481d,Quý cô Hải Nguyễn,455430954268,1973,0978991178,jane47@example.net,"101 John Khu, Thành phố JaneHuyện, 466360",Tiểu đường,8.34,Lan Phạm,01/05/2026
88702ae7-8ead-4a9a-915c-42cd51476e86,Chị Hạnh Nguyễn,577631569096,1996,0982918817,qvu@example.net,"467 Bùi Ngõ, Thành phố JohnQuận, 675688",Huyết áp cao,9.97,Cô Phương Nguyễn,17/02/2026
22538040-7a02-4a6d-87a2-b171b02a06ee,Quang Đặng,599905673755,1971,0808920390,buijane@example.org,"3 John Dãy, JohnHuyện, 342464",Khỏe mạnh,9.35,Bác Nam Dương,12/04/2026
61603399-d307-4198-bc3e-b4029ba14c35,Lan Dương,680746096790,1943,0724962007,john31@example.net,"7 Vũ Tổ, JohnPhường, 460256",Khỏe mạnh,10.66,Phương Phạm,25/02/2026
b0a0c1cd-0df6-4527-ab45-bc389cf65e33,Khoa Đặng,802003538475,1941,0585702687,lle@example.org,"1 Jane Hẻm, Thành phố JohnThành phố, 860953",Khỏe mạnh,4.72,Hà Trí Vũ,03/04/2026
8618e40d-15d6-4658-9ce9-dbbca25291f3,Bà Lan Lê,962993155994,1975,0883005812,jbui@example.net,"837 John Tổ, JaneThị xã, 136374",Huyết áp cao,7.13,Nhật Phú Vũ,01/01/2026
75699aef-0320-4c4e-80cb-e188c3f0fac3,Hải Đặng,434690308021,1979,0394211136,kpham@example.net,"20 John Đường, Thị xã JohnThành phố, 830586",Tim mạch,4.79,Thành Đặng,29/03/2026
54c3b22e-4c66-4a4d-9a70-ea8ad6881d3e,Khoa Hoàng,164662593938,1965,0977339266,phamjane@example.com,"39 John Đường, JaneHuyện, 499200",Huyết áp cao,6.06,Châu Trần,09/01/2026
